folder,mean,std,count,GAS,TEMP,SAMPLING,MODEL,TRAIN_RATIO,QT_FRAC,LOW,HIGH
./try09_all\Ar_293_0.01_to_15__struct+input__qt_then_rd__cat_TRAIN_RATIO0.05_QTFRAC_0.05,0.937686137720484,0.0035703283668545,5,Ar,293,qt_then_rd,cat,RATIO0.05,0.05,0.01,15
./try09_all\Ar_293_0.01_to_15__struct+input__qt_then_rd__cat_TRAIN_RATIO0.15_QTFRAC_0.15,0.94655570522305,0.0031077662717303,5,Ar,293,qt_then_rd,cat,RATIO0.15,0.15,0.01,15
./try09_all\Ar_293_0.01_to_15__struct+input__qt_then_rd__cat_TRAIN_RATIO0.1_QTFRAC_0.1,0.9441946059924424,0.0015703355016679,5,Ar,293,qt_then_rd,cat,RATIO0.1,0.1,0.01,15
./try09_all\Ar_293_0.01_to_15__struct+input__qt_then_rd__cat_TRAIN_RATIO0.25_QTFRAC_0.25,0.9523329923940772,0.0044880145897741,5,Ar,293,qt_then_rd,cat,RATIO0.25,0.25,0.01,15
./try09_all\Ar_293_0.01_to_15__struct+input__qt_then_rd__cat_TRAIN_RATIO0.2_QTFRAC_0.2,0.9499136351416342,0.0033812379531693,5,Ar,293,qt_then_rd,cat,RATIO0.2,0.2,0.01,15
./try09_all\Ar_293_0.01_to_15__struct+input__qt_then_rd__cat_TRAIN_RATIO0.35_QTFRAC_0.35,0.9531009856413206,0.0044262700557866,5,Ar,293,qt_then_rd,cat,RATIO0.35,0.35,0.01,15
./try09_all\Ar_293_0.01_to_15__struct+input__qt_then_rd__cat_TRAIN_RATIO0.3_QTFRAC_0.3,0.9516771541288318,0.0030723467844329,5,Ar,293,qt_then_rd,cat,RATIO0.3,0.3,0.01,15
./try09_all\Ar_293_0.01_to_15__struct+input__qt_then_rd__cat_TRAIN_RATIO0.45_QTFRAC_0.45,0.9549500994468902,0.003792712638386,5,Ar,293,qt_then_rd,cat,RATIO0.45,0.45,0.01,15
./try09_all\Ar_293_0.01_to_15__struct+input__qt_then_rd__cat_TRAIN_RATIO0.4_QTFRAC_0.4,0.9550841841595424,0.0029828445149742,5,Ar,293,qt_then_rd,cat,RATIO0.4,0.4,0.01,15
./try09_all\Ar_293_0.01_to_15__struct+input__qt_then_rd__cat_TRAIN_RATIO0.55_QTFRAC_0.55,0.9541423682195416,0.0059444685453148,5,Ar,293,qt_then_rd,cat,RATIO0.55,0.55,0.01,15
./try09_all\Ar_293_0.01_to_15__struct+input__qt_then_rd__cat_TRAIN_RATIO0.5_QTFRAC_0.5,0.9550390434752748,0.0059043623098968,5,Ar,293,qt_then_rd,cat,RATIO0.5,0.5,0.01,15
./try09_all\Ar_293_0.01_to_15__struct+input__qt_then_rd__cat_TRAIN_RATIO0.65_QTFRAC_0.65,0.9573914807653524,0.0014046133523634,5,Ar,293,qt_then_rd,cat,RATIO0.65,0.65,0.01,15
./try09_all\Ar_293_0.01_to_15__struct+input__qt_then_rd__cat_TRAIN_RATIO0.6_QTFRAC_0.6,0.9576927661053846,0.0005891666209507,5,Ar,293,qt_then_rd,cat,RATIO0.6,0.6,0.01,15
./try09_all\Ar_293_0.01_to_15__struct+input__qt_then_rd__cat_TRAIN_RATIO0.75_QTFRAC_0.75,0.9575022081632064,0.0009618768688201,5,Ar,293,qt_then_rd,cat,RATIO0.75,0.75,0.01,15
./try09_all\Ar_293_0.01_to_15__struct+input__qt_then_rd__cat_TRAIN_RATIO0.7_QTFRAC_0.7,0.9570118845826588,0.0016620824682697,5,Ar,293,qt_then_rd,cat,RATIO0.7,0.7,0.01,15
./try09_all\Ar_293_0.01_to_15__struct+input__qt_then_rd__cat_TRAIN_RATIO0.8_QTFRAC_0.8,0.956268168295714,0.0029494084268008,5,Ar,293,qt_then_rd,cat,RATIO0.8,0.8,0.01,15
./try09_all\Ar_293_0.01_to_15__struct+input__random_struct__cat_TRAIN_RATIO0.05_QTFRAC_0.05,0.9280605354590415,0.0084622355448909,5,Ar,293,random_struct,cat,RATIO0.05,0.05,0.01,15
./try09_all\Ar_293_0.01_to_15__struct+input__random_struct__cat_TRAIN_RATIO0.15_QTFRAC_0.15,0.9511049945986468,0.003111143421456,5,Ar,293,random_struct,cat,RATIO0.15,0.15,0.01,15
./try09_all\Ar_293_0.01_to_15__struct+input__random_struct__cat_TRAIN_RATIO0.1_QTFRAC_0.1,0.9443903968689908,0.0067294772149003,5,Ar,293,random_struct,cat,RATIO0.1,0.1,0.01,15
./try09_all\Ar_293_0.01_to_15__struct+input__random_struct__cat_TRAIN_RATIO0.25_QTFRAC_0.25,0.956488139632586,0.0025017597314694,5,Ar,293,random_struct,cat,RATIO0.25,0.25,0.01,15
./try09_all\Ar_293_0.01_to_15__struct+input__random_struct__cat_TRAIN_RATIO0.2_QTFRAC_0.2,0.9533582833251218,0.0030599330521958,5,Ar,293,random_struct,cat,RATIO0.2,0.2,0.01,15
./try09_all\Ar_293_0.01_to_15__struct+input__random_struct__cat_TRAIN_RATIO0.35_QTFRAC_0.35,0.958843928993917,0.0027713025936694,5,Ar,293,random_struct,cat,RATIO0.35,0.35,0.01,15
./try09_all\Ar_293_0.01_to_15__struct+input__random_struct__cat_TRAIN_RATIO0.3_QTFRAC_0.3,0.9573831533626054,0.0033387205156093,5,Ar,293,random_struct,cat,RATIO0.3,0.3,0.01,15
./try09_all\Ar_293_0.01_to_15__struct+input__random_struct__cat_TRAIN_RATIO0.45_QTFRAC_0.45,0.9611070033027376,0.0029891228910615,5,Ar,293,random_struct,cat,RATIO0.45,0.45,0.01,15
./try09_all\Ar_293_0.01_to_15__struct+input__random_struct__cat_TRAIN_RATIO0.4_QTFRAC_0.4,0.9599101569747548,0.0026383668943453,5,Ar,293,random_struct,cat,RATIO0.4,0.4,0.01,15
./try09_all\Ar_293_0.01_to_15__struct+input__random_struct__cat_TRAIN_RATIO0.55_QTFRAC_0.55,0.9633456593540574,0.0017351872732016,5,Ar,293,random_struct,cat,RATIO0.55,0.55,0.01,15
./try09_all\Ar_293_0.01_to_15__struct+input__random_struct__cat_TRAIN_RATIO0.5_QTFRAC_0.5,0.9629924011354658,0.0014222562317872,5,Ar,293,random_struct,cat,RATIO0.5,0.5,0.01,15
./try09_all\Ar_293_0.01_to_15__struct+input__random_struct__cat_TRAIN_RATIO0.65_QTFRAC_0.65,0.9640901330891908,0.0012489080330636,5,Ar,293,random_struct,cat,RATIO0.65,0.65,0.01,15
./try09_all\Ar_293_0.01_to_15__struct+input__random_struct__cat_TRAIN_RATIO0.6_QTFRAC_0.6,0.9633745201446964,0.0011358072482613,5,Ar,293,random_struct,cat,RATIO0.6,0.6,0.01,15
./try09_all\Ar_293_0.01_to_15__struct+input__random_struct__cat_TRAIN_RATIO0.75_QTFRAC_0.75,0.9655723949831112,0.0025828364201088,5,Ar,293,random_struct,cat,RATIO0.75,0.75,0.01,15
./try09_all\Ar_293_0.01_to_15__struct+input__random_struct__cat_TRAIN_RATIO0.7_QTFRAC_0.7,0.9648264293548208,0.0024164349640411,5,Ar,293,random_struct,cat,RATIO0.7,0.7,0.01,15
./try09_all\Ar_293_0.01_to_15__struct+input__random_struct__cat_TRAIN_RATIO0.8_QTFRAC_0.8,0.9660814471959578,0.002808010372024,5,Ar,293,random_struct,cat,RATIO0.8,0.8,0.01,15
./try09_all\Ar_293_0.01_to_15__struct__random_struct__cat_TRAIN_RATIO0.05_QTFRAC_0.05,0.9280605354590415,0.0084622355448909,5,Ar,293,random_struct,cat,RATIO0.05,0.05,0.01,15
./try09_all\Ar_293_0.01_to_15__struct__random_struct__cat_TRAIN_RATIO0.15_QTFRAC_0.15,0.9511049945986468,0.003111143421456,5,Ar,293,random_struct,cat,RATIO0.15,0.15,0.01,15
./try09_all\Ar_293_0.01_to_15__struct__random_struct__cat_TRAIN_RATIO0.1_QTFRAC_0.1,0.9443903968689908,0.0067294772149003,5,Ar,293,random_struct,cat,RATIO0.1,0.1,0.01,15
./try09_all\Ar_293_0.01_to_15__struct__random_struct__cat_TRAIN_RATIO0.25_QTFRAC_0.25,0.956488139632586,0.0025017597314694,5,Ar,293,random_struct,cat,RATIO0.25,0.25,0.01,15
./try09_all\Ar_293_0.01_to_15__struct__random_struct__cat_TRAIN_RATIO0.2_QTFRAC_0.2,0.9533582833251218,0.0030599330521958,5,Ar,293,random_struct,cat,RATIO0.2,0.2,0.01,15
./try09_all\Ar_293_0.01_to_15__struct__random_struct__cat_TRAIN_RATIO0.35_QTFRAC_0.35,0.958843928993917,0.0027713025936694,5,Ar,293,random_struct,cat,RATIO0.35,0.35,0.01,15
./try09_all\Ar_293_0.01_to_15__struct__random_struct__cat_TRAIN_RATIO0.3_QTFRAC_0.3,0.9573831533626054,0.0033387205156093,5,Ar,293,random_struct,cat,RATIO0.3,0.3,0.01,15
./try09_all\Ar_293_0.01_to_15__struct__random_struct__cat_TRAIN_RATIO0.45_QTFRAC_0.45,0.9611070033027376,0.0029891228910615,5,Ar,293,random_struct,cat,RATIO0.45,0.45,0.01,15
./try09_all\Ar_293_0.01_to_15__struct__random_struct__cat_TRAIN_RATIO0.4_QTFRAC_0.4,0.9599101569747548,0.0026383668943453,5,Ar,293,random_struct,cat,RATIO0.4,0.4,0.01,15
./try09_all\Ar_293_0.01_to_15__struct__random_struct__cat_TRAIN_RATIO0.55_QTFRAC_0.55,0.9633456593540574,0.0017351872732016,5,Ar,293,random_struct,cat,RATIO0.55,0.55,0.01,15
./try09_all\Ar_293_0.01_to_15__struct__random_struct__cat_TRAIN_RATIO0.5_QTFRAC_0.5,0.9629924011354658,0.0014222562317872,5,Ar,293,random_struct,cat,RATIO0.5,0.5,0.01,15
./try09_all\Ar_293_0.01_to_15__struct__random_struct__cat_TRAIN_RATIO0.65_QTFRAC_0.65,0.9640901330891908,0.0012489080330636,5,Ar,293,random_struct,cat,RATIO0.65,0.65,0.01,15
./try09_all\Ar_293_0.01_to_15__struct__random_struct__cat_TRAIN_RATIO0.6_QTFRAC_0.6,0.9633745201446964,0.0011358072482613,5,Ar,293,random_struct,cat,RATIO0.6,0.6,0.01,15
./try09_all\Ar_293_0.01_to_15__struct__random_struct__cat_TRAIN_RATIO0.75_QTFRAC_0.75,0.9655723949831112,0.0025828364201088,5,Ar,293,random_struct,cat,RATIO0.75,0.75,0.01,15
./try09_all\Ar_293_0.01_to_15__struct__random_struct__cat_TRAIN_RATIO0.7_QTFRAC_0.7,0.9648264293548208,0.0024164349640411,5,Ar,293,random_struct,cat,RATIO0.7,0.7,0.01,15
./try09_all\Ar_293_0.01_to_15__struct__random_struct__cat_TRAIN_RATIO0.8_QTFRAC_0.8,0.9660814471959578,0.002808010372024,5,Ar,293,random_struct,cat,RATIO0.8,0.8,0.01,15
./try09_all\Ar_293_0.01_to_1__struct+input__qt_then_rd__cat_TRAIN_RATIO0.05_QTFRAC_0.05,0.9265573289391164,0.013708875226979,5,Ar,293,qt_then_rd,cat,RATIO0.05,0.05,0.01,1
./try09_all\Ar_293_0.01_to_1__struct+input__qt_then_rd__cat_TRAIN_RATIO0.15_QTFRAC_0.15,0.9678216269244684,0.0041988673978869,5,Ar,293,qt_then_rd,cat,RATIO0.15,0.15,0.01,1
./try09_all\Ar_293_0.01_to_1__struct+input__qt_then_rd__cat_TRAIN_RATIO0.1_QTFRAC_0.1,0.9553818786762416,0.0112787218646798,5,Ar,293,qt_then_rd,cat,RATIO0.1,0.1,0.01,1
./try09_all\Ar_293_0.01_to_1__struct+input__qt_then_rd__cat_TRAIN_RATIO0.25_QTFRAC_0.25,0.9800099750995418,0.0017962378315029,5,Ar,293,qt_then_rd,cat,RATIO0.25,0.25,0.01,1
./try09_all\Ar_293_0.01_to_1__struct+input__qt_then_rd__cat_TRAIN_RATIO0.2_QTFRAC_0.2,0.9762164342422744,0.004455752983247,5,Ar,293,qt_then_rd,cat,RATIO0.2,0.2,0.01,1
./try09_all\Ar_293_0.01_to_1__struct+input__qt_then_rd__cat_TRAIN_RATIO0.35_QTFRAC_0.35,0.9841556282708334,0.0006922220795195,5,Ar,293,qt_then_rd,cat,RATIO0.35,0.35,0.01,1
./try09_all\Ar_293_0.01_to_1__struct+input__qt_then_rd__cat_TRAIN_RATIO0.3_QTFRAC_0.3,0.982318246809734,0.0014927282407463,5,Ar,293,qt_then_rd,cat,RATIO0.3,0.3,0.01,1
./try09_all\Ar_293_0.01_to_1__struct+input__qt_then_rd__cat_TRAIN_RATIO0.45_QTFRAC_0.45,0.9847310456036872,0.0008346091527834,5,Ar,293,qt_then_rd,cat,RATIO0.45,0.45,0.01,1
./try09_all\Ar_293_0.01_to_1__struct+input__qt_then_rd__cat_TRAIN_RATIO0.4_QTFRAC_0.4,0.9846511608799636,0.0006411764393993,5,Ar,293,qt_then_rd,cat,RATIO0.4,0.4,0.01,1
./try09_all\Ar_293_0.01_to_1__struct+input__qt_then_rd__cat_TRAIN_RATIO0.55_QTFRAC_0.55,0.9857147618168915,0.0010726111444333,5,Ar,293,qt_then_rd,cat,RATIO0.55,0.55,0.01,1
./try09_all\Ar_293_0.01_to_1__struct+input__qt_then_rd__cat_TRAIN_RATIO0.5_QTFRAC_0.5,0.9847012902430832,0.001264799187949,5,Ar,293,qt_then_rd,cat,RATIO0.5,0.5,0.01,1
./try09_all\Ar_293_0.01_to_1__struct+input__qt_then_rd__cat_TRAIN_RATIO0.65_QTFRAC_0.65,0.9859769000917084,0.0010358080903851,5,Ar,293,qt_then_rd,cat,RATIO0.65,0.65,0.01,1
./try09_all\Ar_293_0.01_to_1__struct+input__qt_then_rd__cat_TRAIN_RATIO0.6_QTFRAC_0.6,0.9864258667004632,0.0004605560336231,5,Ar,293,qt_then_rd,cat,RATIO0.6,0.6,0.01,1
./try09_all\Ar_293_0.01_to_1__struct+input__qt_then_rd__cat_TRAIN_RATIO0.75_QTFRAC_0.75,0.9858512441529892,0.0007620664357183,5,Ar,293,qt_then_rd,cat,RATIO0.75,0.75,0.01,1
./try09_all\Ar_293_0.01_to_1__struct+input__qt_then_rd__cat_TRAIN_RATIO0.7_QTFRAC_0.7,0.985496116313155,0.0002695624606669,5,Ar,293,qt_then_rd,cat,RATIO0.7,0.7,0.01,1
./try09_all\Ar_293_0.01_to_1__struct+input__qt_then_rd__cat_TRAIN_RATIO0.8_QTFRAC_0.8,0.9849173448844418,0.0019152886068794,5,Ar,293,qt_then_rd,cat,RATIO0.8,0.8,0.01,1
./try09_all\Ar_293_0.01_to_1__struct+input__random_struct__cat_TRAIN_RATIO0.05_QTFRAC_0.05,0.8042121488461328,0.061335704949725,5,Ar,293,random_struct,cat,RATIO0.05,0.05,0.01,1
./try09_all\Ar_293_0.01_to_1__struct+input__random_struct__cat_TRAIN_RATIO0.15_QTFRAC_0.15,0.8907472167724547,0.0176785169346224,5,Ar,293,random_struct,cat,RATIO0.15,0.15,0.01,1
./try09_all\Ar_293_0.01_to_1__struct+input__random_struct__cat_TRAIN_RATIO0.1_QTFRAC_0.1,0.8610108315645263,0.0389355918546874,5,Ar,293,random_struct,cat,RATIO0.1,0.1,0.01,1
./try09_all\Ar_293_0.01_to_1__struct+input__random_struct__cat_TRAIN_RATIO0.25_QTFRAC_0.25,0.9079180113333344,0.0120461124698882,5,Ar,293,random_struct,cat,RATIO0.25,0.25,0.01,1
./try09_all\Ar_293_0.01_to_1__struct+input__random_struct__cat_TRAIN_RATIO0.2_QTFRAC_0.2,0.9011054179422744,0.0119228127023045,5,Ar,293,random_struct,cat,RATIO0.2,0.2,0.01,1
./try09_all\Ar_293_0.01_to_1__struct+input__random_struct__cat_TRAIN_RATIO0.35_QTFRAC_0.35,0.9158312917520104,0.0196064116088672,5,Ar,293,random_struct,cat,RATIO0.35,0.35,0.01,1
./try09_all\Ar_293_0.01_to_1__struct+input__random_struct__cat_TRAIN_RATIO0.3_QTFRAC_0.3,0.9084908845022588,0.0130290029802077,5,Ar,293,random_struct,cat,RATIO0.3,0.3,0.01,1
./try09_all\Ar_293_0.01_to_1__struct+input__random_struct__cat_TRAIN_RATIO0.45_QTFRAC_0.45,0.9245313735477908,0.0092430861415379,5,Ar,293,random_struct,cat,RATIO0.45,0.45,0.01,1
./try09_all\Ar_293_0.01_to_1__struct+input__random_struct__cat_TRAIN_RATIO0.4_QTFRAC_0.4,0.9247418632100356,0.0065993613981333,5,Ar,293,random_struct,cat,RATIO0.4,0.4,0.01,1
./try09_all\Ar_293_0.01_to_1__struct+input__random_struct__cat_TRAIN_RATIO0.55_QTFRAC_0.55,0.927431973331612,0.0158670102214338,5,Ar,293,random_struct,cat,RATIO0.55,0.55,0.01,1
./try09_all\Ar_293_0.01_to_1__struct+input__random_struct__cat_TRAIN_RATIO0.5_QTFRAC_0.5,0.9252795907927354,0.0101316097991642,5,Ar,293,random_struct,cat,RATIO0.5,0.5,0.01,1
./try09_all\Ar_293_0.01_to_1__struct+input__random_struct__cat_TRAIN_RATIO0.65_QTFRAC_0.65,0.9386453869365902,0.0204157921231941,5,Ar,293,random_struct,cat,RATIO0.65,0.65,0.01,1
./try09_all\Ar_293_0.01_to_1__struct+input__random_struct__cat_TRAIN_RATIO0.6_QTFRAC_0.6,0.9374817816375604,0.0200636220444112,5,Ar,293,random_struct,cat,RATIO0.6,0.6,0.01,1
./try09_all\Ar_293_0.01_to_1__struct+input__random_struct__cat_TRAIN_RATIO0.75_QTFRAC_0.75,0.9421135173561196,0.0233372424031552,5,Ar,293,random_struct,cat,RATIO0.75,0.75,0.01,1
./try09_all\Ar_293_0.01_to_1__struct+input__random_struct__cat_TRAIN_RATIO0.7_QTFRAC_0.7,0.941391806962183,0.0271421833491519,5,Ar,293,random_struct,cat,RATIO0.7,0.7,0.01,1
./try09_all\Ar_293_0.01_to_1__struct+input__random_struct__cat_TRAIN_RATIO0.8_QTFRAC_0.8,0.9368265293835076,0.026558358698724,5,Ar,293,random_struct,cat,RATIO0.8,0.8,0.01,1
./try09_all\Ar_293_0.01_to_1__struct__random_struct__cat_TRAIN_RATIO0.05_QTFRAC_0.05,0.8042121488461328,0.061335704949725,5,Ar,293,random_struct,cat,RATIO0.05,0.05,0.01,1
./try09_all\Ar_293_0.01_to_1__struct__random_struct__cat_TRAIN_RATIO0.15_QTFRAC_0.15,0.8907472167724547,0.0176785169346224,5,Ar,293,random_struct,cat,RATIO0.15,0.15,0.01,1
./try09_all\Ar_293_0.01_to_1__struct__random_struct__cat_TRAIN_RATIO0.1_QTFRAC_0.1,0.8610108315645263,0.0389355918546874,5,Ar,293,random_struct,cat,RATIO0.1,0.1,0.01,1
./try09_all\Ar_293_0.01_to_1__struct__random_struct__cat_TRAIN_RATIO0.25_QTFRAC_0.25,0.9079180113333344,0.0120461124698882,5,Ar,293,random_struct,cat,RATIO0.25,0.25,0.01,1
./try09_all\Ar_293_0.01_to_1__struct__random_struct__cat_TRAIN_RATIO0.2_QTFRAC_0.2,0.9011054179422744,0.0119228127023045,5,Ar,293,random_struct,cat,RATIO0.2,0.2,0.01,1
./try09_all\Ar_293_0.01_to_1__struct__random_struct__cat_TRAIN_RATIO0.35_QTFRAC_0.35,0.9158312917520104,0.0196064116088672,5,Ar,293,random_struct,cat,RATIO0.35,0.35,0.01,1
./try09_all\Ar_293_0.01_to_1__struct__random_struct__cat_TRAIN_RATIO0.3_QTFRAC_0.3,0.9084908845022588,0.0130290029802077,5,Ar,293,random_struct,cat,RATIO0.3,0.3,0.01,1
./try09_all\Ar_293_0.01_to_1__struct__random_struct__cat_TRAIN_RATIO0.45_QTFRAC_0.45,0.9245313735477908,0.0092430861415379,5,Ar,293,random_struct,cat,RATIO0.45,0.45,0.01,1
./try09_all\Ar_293_0.01_to_1__struct__random_struct__cat_TRAIN_RATIO0.4_QTFRAC_0.4,0.9247418632100356,0.0065993613981333,5,Ar,293,random_struct,cat,RATIO0.4,0.4,0.01,1
./try09_all\Ar_293_0.01_to_1__struct__random_struct__cat_TRAIN_RATIO0.55_QTFRAC_0.55,0.927431973331612,0.0158670102214338,5,Ar,293,random_struct,cat,RATIO0.55,0.55,0.01,1
./try09_all\Ar_293_0.01_to_1__struct__random_struct__cat_TRAIN_RATIO0.5_QTFRAC_0.5,0.9252795907927354,0.0101316097991642,5,Ar,293,random_struct,cat,RATIO0.5,0.5,0.01,1
./try09_all\Ar_293_0.01_to_1__struct__random_struct__cat_TRAIN_RATIO0.65_QTFRAC_0.65,0.9386453869365902,0.0204157921231941,5,Ar,293,random_struct,cat,RATIO0.65,0.65,0.01,1
./try09_all\Ar_293_0.01_to_1__struct__random_struct__cat_TRAIN_RATIO0.6_QTFRAC_0.6,0.9374817816375604,0.0200636220444112,5,Ar,293,random_struct,cat,RATIO0.6,0.6,0.01,1
./try09_all\Ar_293_0.01_to_1__struct__random_struct__cat_TRAIN_RATIO0.75_QTFRAC_0.75,0.9421135173561196,0.0233372424031552,5,Ar,293,random_struct,cat,RATIO0.75,0.75,0.01,1
./try09_all\Ar_293_0.01_to_1__struct__random_struct__cat_TRAIN_RATIO0.7_QTFRAC_0.7,0.941391806962183,0.0271421833491519,5,Ar,293,random_struct,cat,RATIO0.7,0.7,0.01,1
./try09_all\Ar_293_0.01_to_1__struct__random_struct__cat_TRAIN_RATIO0.8_QTFRAC_0.8,0.9368265293835076,0.026558358698724,5,Ar,293,random_struct,cat,RATIO0.8,0.8,0.01,1
./try09_all\Ar_293_0.01_to_5__struct+input__qt_then_rd__cat_TRAIN_RATIO0.05_QTFRAC_0.05,0.9366580419712338,0.0024464496151428,5,Ar,293,qt_then_rd,cat,RATIO0.05,0.05,0.01,5
./try09_all\Ar_293_0.01_to_5__struct+input__qt_then_rd__cat_TRAIN_RATIO0.15_QTFRAC_0.15,0.9538461351946572,0.0018330615827457,5,Ar,293,qt_then_rd,cat,RATIO0.15,0.15,0.01,5
./try09_all\Ar_293_0.01_to_5__struct+input__qt_then_rd__cat_TRAIN_RATIO0.1_QTFRAC_0.1,0.9494455725440144,0.003386424194968,5,Ar,293,qt_then_rd,cat,RATIO0.1,0.1,0.01,5
./try09_all\Ar_293_0.01_to_5__struct+input__qt_then_rd__cat_TRAIN_RATIO0.25_QTFRAC_0.25,0.9570615145498113,0.0013266968687873,5,Ar,293,qt_then_rd,cat,RATIO0.25,0.25,0.01,5
./try09_all\Ar_293_0.01_to_5__struct+input__qt_then_rd__cat_TRAIN_RATIO0.2_QTFRAC_0.2,0.9561746543994076,0.0022451698409366,5,Ar,293,qt_then_rd,cat,RATIO0.2,0.2,0.01,5
./try09_all\Ar_293_0.01_to_5__struct+input__qt_then_rd__cat_TRAIN_RATIO0.35_QTFRAC_0.35,0.9594330704736004,0.0014388497129172,5,Ar,293,qt_then_rd,cat,RATIO0.35,0.35,0.01,5
./try09_all\Ar_293_0.01_to_5__struct+input__qt_then_rd__cat_TRAIN_RATIO0.3_QTFRAC_0.3,0.957905749576616,0.0007870428778352,5,Ar,293,qt_then_rd,cat,RATIO0.3,0.3,0.01,5
./try09_all\Ar_293_0.01_to_5__struct+input__qt_then_rd__cat_TRAIN_RATIO0.45_QTFRAC_0.45,0.9598404340747454,0.0011848807682272,5,Ar,293,qt_then_rd,cat,RATIO0.45,0.45,0.01,5
./try09_all\Ar_293_0.01_to_5__struct+input__qt_then_rd__cat_TRAIN_RATIO0.4_QTFRAC_0.4,0.9590837721255522,0.0013294886813887,5,Ar,293,qt_then_rd,cat,RATIO0.4,0.4,0.01,5
./try09_all\Ar_293_0.01_to_5__struct+input__qt_then_rd__cat_TRAIN_RATIO0.55_QTFRAC_0.55,0.960030439664504,0.0020460593204438,5,Ar,293,qt_then_rd,cat,RATIO0.55,0.55,0.01,5
./try09_all\Ar_293_0.01_to_5__struct+input__qt_then_rd__cat_TRAIN_RATIO0.5_QTFRAC_0.5,0.9598617627927832,0.0028569861659038,5,Ar,293,qt_then_rd,cat,RATIO0.5,0.5,0.01,5
./try09_all\Ar_293_0.01_to_5__struct+input__qt_then_rd__cat_TRAIN_RATIO0.65_QTFRAC_0.65,0.9602003600010672,0.0017743860858448,5,Ar,293,qt_then_rd,cat,RATIO0.65,0.65,0.01,5
./try09_all\Ar_293_0.01_to_5__struct+input__qt_then_rd__cat_TRAIN_RATIO0.6_QTFRAC_0.6,0.9612776026270144,0.0009369902789697,5,Ar,293,qt_then_rd,cat,RATIO0.6,0.6,0.01,5
./try09_all\Ar_293_0.01_to_5__struct+input__qt_then_rd__cat_TRAIN_RATIO0.75_QTFRAC_0.75,0.9606333876736592,0.0014001136909496,5,Ar,293,qt_then_rd,cat,RATIO0.75,0.75,0.01,5
./try09_all\Ar_293_0.01_to_5__struct+input__qt_then_rd__cat_TRAIN_RATIO0.7_QTFRAC_0.7,0.9587518488937604,0.0017125490207009,5,Ar,293,qt_then_rd,cat,RATIO0.7,0.7,0.01,5
./try09_all\Ar_293_0.01_to_5__struct+input__qt_then_rd__cat_TRAIN_RATIO0.8_QTFRAC_0.8,0.9585963482355012,0.0025597013660105,5,Ar,293,qt_then_rd,cat,RATIO0.8,0.8,0.01,5
./try09_all\Ar_293_0.01_to_5__struct+input__random_struct__cat_TRAIN_RATIO0.05_QTFRAC_0.05,0.9007193064415366,0.0289588032017885,5,Ar,293,random_struct,cat,RATIO0.05,0.05,0.01,5
./try09_all\Ar_293_0.01_to_5__struct+input__random_struct__cat_TRAIN_RATIO0.15_QTFRAC_0.15,0.9411583765749268,0.0072014353734219,5,Ar,293,random_struct,cat,RATIO0.15,0.15,0.01,5
./try09_all\Ar_293_0.01_to_5__struct+input__random_struct__cat_TRAIN_RATIO0.1_QTFRAC_0.1,0.9286526082204556,0.0193458873963422,5,Ar,293,random_struct,cat,RATIO0.1,0.1,0.01,5
./try09_all\Ar_293_0.01_to_5__struct+input__random_struct__cat_TRAIN_RATIO0.25_QTFRAC_0.25,0.9480317705422736,0.0033849032473682,5,Ar,293,random_struct,cat,RATIO0.25,0.25,0.01,5
./try09_all\Ar_293_0.01_to_5__struct+input__random_struct__cat_TRAIN_RATIO0.2_QTFRAC_0.2,0.9435207711981732,0.0049289461120473,5,Ar,293,random_struct,cat,RATIO0.2,0.2,0.01,5
./try09_all\Ar_293_0.01_to_5__struct+input__random_struct__cat_TRAIN_RATIO0.35_QTFRAC_0.35,0.9494532205599756,0.0053626548784359,5,Ar,293,random_struct,cat,RATIO0.35,0.35,0.01,5
./try09_all\Ar_293_0.01_to_5__struct+input__random_struct__cat_TRAIN_RATIO0.3_QTFRAC_0.3,0.9491081794518978,0.0041822559667694,5,Ar,293,random_struct,cat,RATIO0.3,0.3,0.01,5
./try09_all\Ar_293_0.01_to_5__struct+input__random_struct__cat_TRAIN_RATIO0.45_QTFRAC_0.45,0.9536741838683834,0.0026589375219988,5,Ar,293,random_struct,cat,RATIO0.45,0.45,0.01,5
./try09_all\Ar_293_0.01_to_5__struct+input__random_struct__cat_TRAIN_RATIO0.4_QTFRAC_0.4,0.951713314914856,0.0020086142135132,5,Ar,293,random_struct,cat,RATIO0.4,0.4,0.01,5
./try09_all\Ar_293_0.01_to_5__struct+input__random_struct__cat_TRAIN_RATIO0.55_QTFRAC_0.55,0.9548494727695293,0.0032312251185454,5,Ar,293,random_struct,cat,RATIO0.55,0.55,0.01,5
./try09_all\Ar_293_0.01_to_5__struct+input__random_struct__cat_TRAIN_RATIO0.5_QTFRAC_0.5,0.954270646687496,0.0034625612934803,5,Ar,293,random_struct,cat,RATIO0.5,0.5,0.01,5
./try09_all\Ar_293_0.01_to_5__struct+input__random_struct__cat_TRAIN_RATIO0.65_QTFRAC_0.65,0.9577405804223932,0.0037267878637253,5,Ar,293,random_struct,cat,RATIO0.65,0.65,0.01,5
./try09_all\Ar_293_0.01_to_5__struct+input__random_struct__cat_TRAIN_RATIO0.6_QTFRAC_0.6,0.956011926302004,0.003544171493565,5,Ar,293,random_struct,cat,RATIO0.6,0.6,0.01,5
./try09_all\Ar_293_0.01_to_5__struct+input__random_struct__cat_TRAIN_RATIO0.75_QTFRAC_0.75,0.9594296419984192,0.005641606947569,5,Ar,293,random_struct,cat,RATIO0.75,0.75,0.01,5
./try09_all\Ar_293_0.01_to_5__struct+input__random_struct__cat_TRAIN_RATIO0.7_QTFRAC_0.7,0.9587129378393456,0.0069632959936405,5,Ar,293,random_struct,cat,RATIO0.7,0.7,0.01,5
./try09_all\Ar_293_0.01_to_5__struct+input__random_struct__cat_TRAIN_RATIO0.8_QTFRAC_0.8,0.9597834751826608,0.0074397802482202,5,Ar,293,random_struct,cat,RATIO0.8,0.8,0.01,5
./try09_all\Ar_293_0.01_to_5__struct__random_struct__cat_TRAIN_RATIO0.05_QTFRAC_0.05,0.9007193064415366,0.0289588032017885,5,Ar,293,random_struct,cat,RATIO0.05,0.05,0.01,5
./try09_all\Ar_293_0.01_to_5__struct__random_struct__cat_TRAIN_RATIO0.15_QTFRAC_0.15,0.9411583765749268,0.0072014353734219,5,Ar,293,random_struct,cat,RATIO0.15,0.15,0.01,5
./try09_all\Ar_293_0.01_to_5__struct__random_struct__cat_TRAIN_RATIO0.1_QTFRAC_0.1,0.9286526082204556,0.0193458873963422,5,Ar,293,random_struct,cat,RATIO0.1,0.1,0.01,5
./try09_all\Ar_293_0.01_to_5__struct__random_struct__cat_TRAIN_RATIO0.25_QTFRAC_0.25,0.9480317705422736,0.0033849032473682,5,Ar,293,random_struct,cat,RATIO0.25,0.25,0.01,5
./try09_all\Ar_293_0.01_to_5__struct__random_struct__cat_TRAIN_RATIO0.2_QTFRAC_0.2,0.9435207711981732,0.0049289461120473,5,Ar,293,random_struct,cat,RATIO0.2,0.2,0.01,5
./try09_all\Ar_293_0.01_to_5__struct__random_struct__cat_TRAIN_RATIO0.35_QTFRAC_0.35,0.9494532205599756,0.0053626548784359,5,Ar,293,random_struct,cat,RATIO0.35,0.35,0.01,5
./try09_all\Ar_293_0.01_to_5__struct__random_struct__cat_TRAIN_RATIO0.3_QTFRAC_0.3,0.9491081794518978,0.0041822559667694,5,Ar,293,random_struct,cat,RATIO0.3,0.3,0.01,5
./try09_all\Ar_293_0.01_to_5__struct__random_struct__cat_TRAIN_RATIO0.45_QTFRAC_0.45,0.9536741838683834,0.0026589375219988,5,Ar,293,random_struct,cat,RATIO0.45,0.45,0.01,5
./try09_all\Ar_293_0.01_to_5__struct__random_struct__cat_TRAIN_RATIO0.4_QTFRAC_0.4,0.951713314914856,0.0020086142135132,5,Ar,293,random_struct,cat,RATIO0.4,0.4,0.01,5
./try09_all\Ar_293_0.01_to_5__struct__random_struct__cat_TRAIN_RATIO0.55_QTFRAC_0.55,0.9548494727695293,0.0032312251185454,5,Ar,293,random_struct,cat,RATIO0.55,0.55,0.01,5
./try09_all\Ar_293_0.01_to_5__struct__random_struct__cat_TRAIN_RATIO0.5_QTFRAC_0.5,0.954270646687496,0.0034625612934803,5,Ar,293,random_struct,cat,RATIO0.5,0.5,0.01,5
./try09_all\Ar_293_0.01_to_5__struct__random_struct__cat_TRAIN_RATIO0.65_QTFRAC_0.65,0.9577405804223932,0.0037267878637253,5,Ar,293,random_struct,cat,RATIO0.65,0.65,0.01,5
./try09_all\Ar_293_0.01_to_5__struct__random_struct__cat_TRAIN_RATIO0.6_QTFRAC_0.6,0.956011926302004,0.003544171493565,5,Ar,293,random_struct,cat,RATIO0.6,0.6,0.01,5
./try09_all\Ar_293_0.01_to_5__struct__random_struct__cat_TRAIN_RATIO0.75_QTFRAC_0.75,0.9594296419984192,0.005641606947569,5,Ar,293,random_struct,cat,RATIO0.75,0.75,0.01,5
./try09_all\Ar_293_0.01_to_5__struct__random_struct__cat_TRAIN_RATIO0.7_QTFRAC_0.7,0.9587129378393456,0.0069632959936405,5,Ar,293,random_struct,cat,RATIO0.7,0.7,0.01,5
./try09_all\Ar_293_0.01_to_5__struct__random_struct__cat_TRAIN_RATIO0.8_QTFRAC_0.8,0.9597834751826608,0.0074397802482202,5,Ar,293,random_struct,cat,RATIO0.8,0.8,0.01,5
./try09_all\He_293_0.01_to_15__struct+input__qt_then_rd__cat_TRAIN_RATIO0.05_QTFRAC_0.05,0.9546205734695494,0.0260125779746101,5,He,293,qt_then_rd,cat,RATIO0.05,0.05,0.01,15
./try09_all\He_293_0.01_to_15__struct+input__qt_then_rd__cat_TRAIN_RATIO0.15_QTFRAC_0.15,0.9883580830550402,0.0010999510150406,5,He,293,qt_then_rd,cat,RATIO0.15,0.15,0.01,15
./try09_all\He_293_0.01_to_15__struct+input__qt_then_rd__cat_TRAIN_RATIO0.1_QTFRAC_0.1,0.9782811709502136,0.0224300715800929,5,He,293,qt_then_rd,cat,RATIO0.1,0.1,0.01,15
./try09_all\He_293_0.01_to_15__struct+input__qt_then_rd__cat_TRAIN_RATIO0.25_QTFRAC_0.25,0.9889604686406196,0.0004709807915768,5,He,293,qt_then_rd,cat,RATIO0.25,0.25,0.01,15
./try09_all\He_293_0.01_to_15__struct+input__qt_then_rd__cat_TRAIN_RATIO0.2_QTFRAC_0.2,0.9895057042061852,0.0006463117912171,5,He,293,qt_then_rd,cat,RATIO0.2,0.2,0.01,15
./try09_all\He_293_0.01_to_15__struct+input__qt_then_rd__cat_TRAIN_RATIO0.35_QTFRAC_0.35,0.9877641811185102,0.0006150306131314,5,He,293,qt_then_rd,cat,RATIO0.35,0.35,0.01,15
./try09_all\He_293_0.01_to_15__struct+input__qt_then_rd__cat_TRAIN_RATIO0.3_QTFRAC_0.3,0.9882362203806544,0.0009269641036871,5,He,293,qt_then_rd,cat,RATIO0.3,0.3,0.01,15
./try09_all\He_293_0.01_to_15__struct+input__qt_then_rd__cat_TRAIN_RATIO0.45_QTFRAC_0.45,0.9862585848742956,0.0003451859569849,5,He,293,qt_then_rd,cat,RATIO0.45,0.45,0.01,15
./try09_all\He_293_0.01_to_15__struct+input__qt_then_rd__cat_TRAIN_RATIO0.4_QTFRAC_0.4,0.9870426137651944,0.0006068855144569,5,He,293,qt_then_rd,cat,RATIO0.4,0.4,0.01,15
./try09_all\He_293_0.01_to_15__struct+input__qt_then_rd__cat_TRAIN_RATIO0.55_QTFRAC_0.55,0.9846748016009984,0.0002014283643026,5,He,293,qt_then_rd,cat,RATIO0.55,0.55,0.01,15
./try09_all\He_293_0.01_to_15__struct+input__qt_then_rd__cat_TRAIN_RATIO0.5_QTFRAC_0.5,0.9852788394721272,0.0001701353060005,5,He,293,qt_then_rd,cat,RATIO0.5,0.5,0.01,15
./try09_all\He_293_0.01_to_15__struct+input__qt_then_rd__cat_TRAIN_RATIO0.65_QTFRAC_0.65,0.982764390052193,0.0004089147120061,5,He,293,qt_then_rd,cat,RATIO0.65,0.65,0.01,15
./try09_all\He_293_0.01_to_15__struct+input__qt_then_rd__cat_TRAIN_RATIO0.6_QTFRAC_0.6,0.9833098995973965,0.0004750497753226,5,He,293,qt_then_rd,cat,RATIO0.6,0.6,0.01,15
./try09_all\He_293_0.01_to_15__struct+input__qt_then_rd__cat_TRAIN_RATIO0.75_QTFRAC_0.75,0.97992327894106,0.0006370582836723,5,He,293,qt_then_rd,cat,RATIO0.75,0.75,0.01,15
./try09_all\He_293_0.01_to_15__struct+input__qt_then_rd__cat_TRAIN_RATIO0.7_QTFRAC_0.7,0.9814449378503134,0.0006723205811314,5,He,293,qt_then_rd,cat,RATIO0.7,0.7,0.01,15
./try09_all\He_293_0.01_to_15__struct+input__qt_then_rd__cat_TRAIN_RATIO0.8_QTFRAC_0.8,0.9793658597402336,0.0010556539702398,5,He,293,qt_then_rd,cat,RATIO0.8,0.8,0.01,15
./try09_all\He_293_0.01_to_15__struct+input__random_struct__cat_TRAIN_RATIO0.05_QTFRAC_0.05,0.884357249186011,0.0240107558028531,5,He,293,random_struct,cat,RATIO0.05,0.05,0.01,15
./try09_all\He_293_0.01_to_15__struct+input__random_struct__cat_TRAIN_RATIO0.15_QTFRAC_0.15,0.9129439756850534,0.0246969184769976,5,He,293,random_struct,cat,RATIO0.15,0.15,0.01,15
./try09_all\He_293_0.01_to_15__struct+input__random_struct__cat_TRAIN_RATIO0.1_QTFRAC_0.1,0.8991078016041089,0.0179780534080434,5,He,293,random_struct,cat,RATIO0.1,0.1,0.01,15
./try09_all\He_293_0.01_to_15__struct+input__random_struct__cat_TRAIN_RATIO0.25_QTFRAC_0.25,0.9164632248645074,0.0167841323674358,5,He,293,random_struct,cat,RATIO0.25,0.25,0.01,15
./try09_all\He_293_0.01_to_15__struct+input__random_struct__cat_TRAIN_RATIO0.2_QTFRAC_0.2,0.9134321184792148,0.0268372312749938,5,He,293,random_struct,cat,RATIO0.2,0.2,0.01,15
./try09_all\He_293_0.01_to_15__struct+input__random_struct__cat_TRAIN_RATIO0.35_QTFRAC_0.35,0.9192923735284054,0.0119434926394951,5,He,293,random_struct,cat,RATIO0.35,0.35,0.01,15
./try09_all\He_293_0.01_to_15__struct+input__random_struct__cat_TRAIN_RATIO0.3_QTFRAC_0.3,0.9218052586754248,0.0114652553439741,5,He,293,random_struct,cat,RATIO0.3,0.3,0.01,15
./try09_all\He_293_0.01_to_15__struct+input__random_struct__cat_TRAIN_RATIO0.45_QTFRAC_0.45,0.9233637513395704,0.0347529463264873,5,He,293,random_struct,cat,RATIO0.45,0.45,0.01,15
./try09_all\He_293_0.01_to_15__struct+input__random_struct__cat_TRAIN_RATIO0.4_QTFRAC_0.4,0.9272172939224014,0.0311902402718654,5,He,293,random_struct,cat,RATIO0.4,0.4,0.01,15
./try09_all\He_293_0.01_to_15__struct+input__random_struct__cat_TRAIN_RATIO0.55_QTFRAC_0.55,0.9285042476097946,0.0498448182851593,5,He,293,random_struct,cat,RATIO0.55,0.55,0.01,15
./try09_all\He_293_0.01_to_15__struct+input__random_struct__cat_TRAIN_RATIO0.5_QTFRAC_0.5,0.9169787592404032,0.0323327584531837,5,He,293,random_struct,cat,RATIO0.5,0.5,0.01,15
./try09_all\He_293_0.01_to_15__struct+input__random_struct__cat_TRAIN_RATIO0.65_QTFRAC_0.65,0.9727895983140498,0.0413756848233234,5,He,293,random_struct,cat,RATIO0.65,0.65,0.01,15
./try09_all\He_293_0.01_to_15__struct+input__random_struct__cat_TRAIN_RATIO0.6_QTFRAC_0.6,0.9558576206540452,0.0477834547305829,5,He,293,random_struct,cat,RATIO0.6,0.6,0.01,15
./try09_all\He_293_0.01_to_15__struct+input__random_struct__cat_TRAIN_RATIO0.75_QTFRAC_0.75,0.9674111378417528,0.0510568610115203,5,He,293,random_struct,cat,RATIO0.75,0.75,0.01,15
./try09_all\He_293_0.01_to_15__struct+input__random_struct__cat_TRAIN_RATIO0.7_QTFRAC_0.7,0.97195933488243,0.0428103339745723,5,He,293,random_struct,cat,RATIO0.7,0.7,0.01,15
./try09_all\He_293_0.01_to_15__struct+input__random_struct__cat_TRAIN_RATIO0.8_QTFRAC_0.8,0.9618747910686476,0.0619533601355527,5,He,293,random_struct,cat,RATIO0.8,0.8,0.01,15
./try09_all\He_293_0.01_to_15__struct__random_struct__cat_TRAIN_RATIO0.05_QTFRAC_0.05,0.884357249186011,0.0240107558028531,5,He,293,random_struct,cat,RATIO0.05,0.05,0.01,15
./try09_all\He_293_0.01_to_15__struct__random_struct__cat_TRAIN_RATIO0.15_QTFRAC_0.15,0.9129439756850534,0.0246969184769976,5,He,293,random_struct,cat,RATIO0.15,0.15,0.01,15
./try09_all\He_293_0.01_to_15__struct__random_struct__cat_TRAIN_RATIO0.1_QTFRAC_0.1,0.8991078016041089,0.0179780534080434,5,He,293,random_struct,cat,RATIO0.1,0.1,0.01,15
./try09_all\He_293_0.01_to_15__struct__random_struct__cat_TRAIN_RATIO0.25_QTFRAC_0.25,0.9164632248645074,0.0167841323674358,5,He,293,random_struct,cat,RATIO0.25,0.25,0.01,15
./try09_all\He_293_0.01_to_15__struct__random_struct__cat_TRAIN_RATIO0.2_QTFRAC_0.2,0.9134321184792148,0.0268372312749938,5,He,293,random_struct,cat,RATIO0.2,0.2,0.01,15
./try09_all\He_293_0.01_to_15__struct__random_struct__cat_TRAIN_RATIO0.35_QTFRAC_0.35,0.9192923735284054,0.0119434926394951,5,He,293,random_struct,cat,RATIO0.35,0.35,0.01,15
./try09_all\He_293_0.01_to_15__struct__random_struct__cat_TRAIN_RATIO0.3_QTFRAC_0.3,0.9218052586754248,0.0114652553439741,5,He,293,random_struct,cat,RATIO0.3,0.3,0.01,15
./try09_all\He_293_0.01_to_15__struct__random_struct__cat_TRAIN_RATIO0.45_QTFRAC_0.45,0.9233637513395704,0.0347529463264873,5,He,293,random_struct,cat,RATIO0.45,0.45,0.01,15
./try09_all\He_293_0.01_to_15__struct__random_struct__cat_TRAIN_RATIO0.4_QTFRAC_0.4,0.9272172939224014,0.0311902402718654,5,He,293,random_struct,cat,RATIO0.4,0.4,0.01,15
./try09_all\He_293_0.01_to_15__struct__random_struct__cat_TRAIN_RATIO0.55_QTFRAC_0.55,0.9285042476097946,0.0498448182851593,5,He,293,random_struct,cat,RATIO0.55,0.55,0.01,15
./try09_all\He_293_0.01_to_15__struct__random_struct__cat_TRAIN_RATIO0.5_QTFRAC_0.5,0.9169787592404032,0.0323327584531837,5,He,293,random_struct,cat,RATIO0.5,0.5,0.01,15
./try09_all\He_293_0.01_to_15__struct__random_struct__cat_TRAIN_RATIO0.65_QTFRAC_0.65,0.9727895983140498,0.0413756848233234,5,He,293,random_struct,cat,RATIO0.65,0.65,0.01,15
./try09_all\He_293_0.01_to_15__struct__random_struct__cat_TRAIN_RATIO0.6_QTFRAC_0.6,0.9558576206540452,0.0477834547305829,5,He,293,random_struct,cat,RATIO0.6,0.6,0.01,15
./try09_all\He_293_0.01_to_15__struct__random_struct__cat_TRAIN_RATIO0.75_QTFRAC_0.75,0.9674111378417528,0.0510568610115203,5,He,293,random_struct,cat,RATIO0.75,0.75,0.01,15
./try09_all\He_293_0.01_to_15__struct__random_struct__cat_TRAIN_RATIO0.7_QTFRAC_0.7,0.97195933488243,0.0428103339745723,5,He,293,random_struct,cat,RATIO0.7,0.7,0.01,15
./try09_all\He_293_0.01_to_15__struct__random_struct__cat_TRAIN_RATIO0.8_QTFRAC_0.8,0.9618747910686476,0.0619533601355527,5,He,293,random_struct,cat,RATIO0.8,0.8,0.01,15
./try09_all\He_293_0.01_to_1__struct+input__qt_then_rd__cat_TRAIN_RATIO0.05_QTFRAC_0.05,0.9529774251096402,0.0239958238803313,5,He,293,qt_then_rd,cat,RATIO0.05,0.05,0.01,1
./try09_all\He_293_0.01_to_1__struct+input__qt_then_rd__cat_TRAIN_RATIO0.15_QTFRAC_0.15,0.9871380329519204,0.0012421958433556,5,He,293,qt_then_rd,cat,RATIO0.15,0.15,0.01,1
./try09_all\He_293_0.01_to_1__struct+input__qt_then_rd__cat_TRAIN_RATIO0.1_QTFRAC_0.1,0.9778109840534466,0.0202217899676693,5,He,293,qt_then_rd,cat,RATIO0.1,0.1,0.01,1
./try09_all\He_293_0.01_to_1__struct+input__qt_then_rd__cat_TRAIN_RATIO0.25_QTFRAC_0.25,0.9885539759836592,0.000790472917383,5,He,293,qt_then_rd,cat,RATIO0.25,0.25,0.01,1
./try09_all\He_293_0.01_to_1__struct+input__qt_then_rd__cat_TRAIN_RATIO0.2_QTFRAC_0.2,0.9885519435312312,0.0010956454048456,5,He,293,qt_then_rd,cat,RATIO0.2,0.2,0.01,1
./try09_all\He_293_0.01_to_1__struct+input__qt_then_rd__cat_TRAIN_RATIO0.35_QTFRAC_0.35,0.9873434454104502,0.0008473551748058,5,He,293,qt_then_rd,cat,RATIO0.35,0.35,0.01,1
./try09_all\He_293_0.01_to_1__struct+input__qt_then_rd__cat_TRAIN_RATIO0.3_QTFRAC_0.3,0.9878500064491694,0.0010458993267294,5,He,293,qt_then_rd,cat,RATIO0.3,0.3,0.01,1
./try09_all\He_293_0.01_to_1__struct+input__qt_then_rd__cat_TRAIN_RATIO0.45_QTFRAC_0.45,0.9859095109824648,0.0007915342972667,5,He,293,qt_then_rd,cat,RATIO0.45,0.45,0.01,1
./try09_all\He_293_0.01_to_1__struct+input__qt_then_rd__cat_TRAIN_RATIO0.4_QTFRAC_0.4,0.98670045292385,0.0007078007359739,5,He,293,qt_then_rd,cat,RATIO0.4,0.4,0.01,1
./try09_all\He_293_0.01_to_1__struct+input__qt_then_rd__cat_TRAIN_RATIO0.55_QTFRAC_0.55,0.984372181911145,0.0004293860149138,5,He,293,qt_then_rd,cat,RATIO0.55,0.55,0.01,1
./try09_all\He_293_0.01_to_1__struct+input__qt_then_rd__cat_TRAIN_RATIO0.5_QTFRAC_0.5,0.9847391294966088,0.0003152582879154,5,He,293,qt_then_rd,cat,RATIO0.5,0.5,0.01,1
./try09_all\He_293_0.01_to_1__struct+input__qt_then_rd__cat_TRAIN_RATIO0.65_QTFRAC_0.65,0.9824667756708416,0.0005423181188003,5,He,293,qt_then_rd,cat,RATIO0.65,0.65,0.01,1
./try09_all\He_293_0.01_to_1__struct+input__qt_then_rd__cat_TRAIN_RATIO0.6_QTFRAC_0.6,0.9826949317974242,0.0006242977565996,5,He,293,qt_then_rd,cat,RATIO0.6,0.6,0.01,1
./try09_all\He_293_0.01_to_1__struct+input__qt_then_rd__cat_TRAIN_RATIO0.75_QTFRAC_0.75,0.9792428454505078,0.0007465164964953,5,He,293,qt_then_rd,cat,RATIO0.75,0.75,0.01,1
./try09_all\He_293_0.01_to_1__struct+input__qt_then_rd__cat_TRAIN_RATIO0.7_QTFRAC_0.7,0.9810662171355892,0.0006761761022418,5,He,293,qt_then_rd,cat,RATIO0.7,0.7,0.01,1
./try09_all\He_293_0.01_to_1__struct+input__qt_then_rd__cat_TRAIN_RATIO0.8_QTFRAC_0.8,0.9783872433757108,0.0013465980518704,5,He,293,qt_then_rd,cat,RATIO0.8,0.8,0.01,1
./try09_all\He_293_0.01_to_1__struct+input__random_struct__cat_TRAIN_RATIO0.05_QTFRAC_0.05,0.8836085580116844,0.0239306687166717,5,He,293,random_struct,cat,RATIO0.05,0.05,0.01,1
./try09_all\He_293_0.01_to_1__struct+input__random_struct__cat_TRAIN_RATIO0.15_QTFRAC_0.15,0.915085285635568,0.0242395790995851,5,He,293,random_struct,cat,RATIO0.15,0.15,0.01,1
./try09_all\He_293_0.01_to_1__struct+input__random_struct__cat_TRAIN_RATIO0.1_QTFRAC_0.1,0.900290458708916,0.0184706236981846,5,He,293,random_struct,cat,RATIO0.1,0.1,0.01,1
./try09_all\He_293_0.01_to_1__struct+input__random_struct__cat_TRAIN_RATIO0.25_QTFRAC_0.25,0.9164003945354512,0.0161491138684216,5,He,293,random_struct,cat,RATIO0.25,0.25,0.01,1
./try09_all\He_293_0.01_to_1__struct+input__random_struct__cat_TRAIN_RATIO0.2_QTFRAC_0.2,0.9153309745883896,0.0253898224191737,5,He,293,random_struct,cat,RATIO0.2,0.2,0.01,1
./try09_all\He_293_0.01_to_1__struct+input__random_struct__cat_TRAIN_RATIO0.35_QTFRAC_0.35,0.9211888959302575,0.0097465767794738,5,He,293,random_struct,cat,RATIO0.35,0.35,0.01,1
./try09_all\He_293_0.01_to_1__struct+input__random_struct__cat_TRAIN_RATIO0.3_QTFRAC_0.3,0.9236795513339284,0.0105652916980401,5,He,293,random_struct,cat,RATIO0.3,0.3,0.01,1
./try09_all\He_293_0.01_to_1__struct+input__random_struct__cat_TRAIN_RATIO0.45_QTFRAC_0.45,0.9258461353583106,0.0324759675693979,5,He,293,random_struct,cat,RATIO0.45,0.45,0.01,1
./try09_all\He_293_0.01_to_1__struct+input__random_struct__cat_TRAIN_RATIO0.4_QTFRAC_0.4,0.9286018245193952,0.0283463617478393,5,He,293,random_struct,cat,RATIO0.4,0.4,0.01,1
./try09_all\He_293_0.01_to_1__struct+input__random_struct__cat_TRAIN_RATIO0.55_QTFRAC_0.55,0.9321631440092504,0.0468653555279792,5,He,293,random_struct,cat,RATIO0.55,0.55,0.01,1
./try09_all\He_293_0.01_to_1__struct+input__random_struct__cat_TRAIN_RATIO0.5_QTFRAC_0.5,0.9198827379622878,0.0296982602771645,5,He,293,random_struct,cat,RATIO0.5,0.5,0.01,1
./try09_all\He_293_0.01_to_1__struct+input__random_struct__cat_TRAIN_RATIO0.65_QTFRAC_0.65,0.9739035691227664,0.0373480856512042,5,He,293,random_struct,cat,RATIO0.65,0.65,0.01,1
./try09_all\He_293_0.01_to_1__struct+input__random_struct__cat_TRAIN_RATIO0.6_QTFRAC_0.6,0.9572920548128556,0.0459708359976221,5,He,293,random_struct,cat,RATIO0.6,0.6,0.01,1
./try09_all\He_293_0.01_to_1__struct+input__random_struct__cat_TRAIN_RATIO0.75_QTFRAC_0.75,0.9683941692076824,0.0477255873031887,5,He,293,random_struct,cat,RATIO0.75,0.75,0.01,1
./try09_all\He_293_0.01_to_1__struct+input__random_struct__cat_TRAIN_RATIO0.7_QTFRAC_0.7,0.9724945440712534,0.0418478268357346,5,He,293,random_struct,cat,RATIO0.7,0.7,0.01,1
./try09_all\He_293_0.01_to_1__struct+input__random_struct__cat_TRAIN_RATIO0.8_QTFRAC_0.8,0.9620504214815976,0.0580137504314441,5,He,293,random_struct,cat,RATIO0.8,0.8,0.01,1
./try09_all\He_293_0.01_to_1__struct__random_struct__cat_TRAIN_RATIO0.05_QTFRAC_0.05,0.8836085580116844,0.0239306687166717,5,He,293,random_struct,cat,RATIO0.05,0.05,0.01,1
./try09_all\He_293_0.01_to_1__struct__random_struct__cat_TRAIN_RATIO0.15_QTFRAC_0.15,0.915085285635568,0.0242395790995851,5,He,293,random_struct,cat,RATIO0.15,0.15,0.01,1
./try09_all\He_293_0.01_to_1__struct__random_struct__cat_TRAIN_RATIO0.1_QTFRAC_0.1,0.900290458708916,0.0184706236981846,5,He,293,random_struct,cat,RATIO0.1,0.1,0.01,1
./try09_all\He_293_0.01_to_1__struct__random_struct__cat_TRAIN_RATIO0.25_QTFRAC_0.25,0.9164003945354512,0.0161491138684216,5,He,293,random_struct,cat,RATIO0.25,0.25,0.01,1
./try09_all\He_293_0.01_to_1__struct__random_struct__cat_TRAIN_RATIO0.2_QTFRAC_0.2,0.9153309745883896,0.0253898224191737,5,He,293,random_struct,cat,RATIO0.2,0.2,0.01,1
./try09_all\He_293_0.01_to_1__struct__random_struct__cat_TRAIN_RATIO0.35_QTFRAC_0.35,0.9211888959302575,0.0097465767794738,5,He,293,random_struct,cat,RATIO0.35,0.35,0.01,1
./try09_all\He_293_0.01_to_1__struct__random_struct__cat_TRAIN_RATIO0.3_QTFRAC_0.3,0.9236795513339284,0.0105652916980401,5,He,293,random_struct,cat,RATIO0.3,0.3,0.01,1
./try09_all\He_293_0.01_to_1__struct__random_struct__cat_TRAIN_RATIO0.45_QTFRAC_0.45,0.9258461353583106,0.0324759675693979,5,He,293,random_struct,cat,RATIO0.45,0.45,0.01,1
./try09_all\He_293_0.01_to_1__struct__random_struct__cat_TRAIN_RATIO0.4_QTFRAC_0.4,0.9286018245193952,0.0283463617478393,5,He,293,random_struct,cat,RATIO0.4,0.4,0.01,1
./try09_all\He_293_0.01_to_1__struct__random_struct__cat_TRAIN_RATIO0.55_QTFRAC_0.55,0.9321631440092504,0.0468653555279792,5,He,293,random_struct,cat,RATIO0.55,0.55,0.01,1
./try09_all\He_293_0.01_to_1__struct__random_struct__cat_TRAIN_RATIO0.5_QTFRAC_0.5,0.9198827379622878,0.0296982602771645,5,He,293,random_struct,cat,RATIO0.5,0.5,0.01,1
./try09_all\He_293_0.01_to_1__struct__random_struct__cat_TRAIN_RATIO0.65_QTFRAC_0.65,0.9739035691227664,0.0373480856512042,5,He,293,random_struct,cat,RATIO0.65,0.65,0.01,1
./try09_all\He_293_0.01_to_1__struct__random_struct__cat_TRAIN_RATIO0.6_QTFRAC_0.6,0.9572920548128556,0.0459708359976221,5,He,293,random_struct,cat,RATIO0.6,0.6,0.01,1
./try09_all\He_293_0.01_to_1__struct__random_struct__cat_TRAIN_RATIO0.75_QTFRAC_0.75,0.9683941692076824,0.0477255873031887,5,He,293,random_struct,cat,RATIO0.75,0.75,0.01,1
./try09_all\He_293_0.01_to_1__struct__random_struct__cat_TRAIN_RATIO0.7_QTFRAC_0.7,0.9724945440712534,0.0418478268357346,5,He,293,random_struct,cat,RATIO0.7,0.7,0.01,1
./try09_all\He_293_0.01_to_1__struct__random_struct__cat_TRAIN_RATIO0.8_QTFRAC_0.8,0.9620504214815976,0.0580137504314441,5,He,293,random_struct,cat,RATIO0.8,0.8,0.01,1
./try09_all\He_293_0.01_to_5__struct+input__qt_then_rd__cat_TRAIN_RATIO0.05_QTFRAC_0.05,0.9545977768079104,0.0219107775797693,5,He,293,qt_then_rd,cat,RATIO0.05,0.05,0.01,5
./try09_all\He_293_0.01_to_5__struct+input__qt_then_rd__cat_TRAIN_RATIO0.15_QTFRAC_0.15,0.9879924049419028,0.0014758633084195,5,He,293,qt_then_rd,cat,RATIO0.15,0.15,0.01,5
./try09_all\He_293_0.01_to_5__struct+input__qt_then_rd__cat_TRAIN_RATIO0.1_QTFRAC_0.1,0.9785284296757684,0.0197640065432709,5,He,293,qt_then_rd,cat,RATIO0.1,0.1,0.01,5
./try09_all\He_293_0.01_to_5__struct+input__qt_then_rd__cat_TRAIN_RATIO0.25_QTFRAC_0.25,0.988922257987765,0.0006856432419559,5,He,293,qt_then_rd,cat,RATIO0.25,0.25,0.01,5
./try09_all\He_293_0.01_to_5__struct+input__qt_then_rd__cat_TRAIN_RATIO0.2_QTFRAC_0.2,0.9889936496278846,0.0009415697548998,5,He,293,qt_then_rd,cat,RATIO0.2,0.2,0.01,5
./try09_all\He_293_0.01_to_5__struct+input__qt_then_rd__cat_TRAIN_RATIO0.35_QTFRAC_0.35,0.9876541267793472,0.0006461160237359,5,He,293,qt_then_rd,cat,RATIO0.35,0.35,0.01,5
./try09_all\He_293_0.01_to_5__struct+input__qt_then_rd__cat_TRAIN_RATIO0.3_QTFRAC_0.3,0.9880673957735094,0.0010665691230407,5,He,293,qt_then_rd,cat,RATIO0.3,0.3,0.01,5
./try09_all\He_293_0.01_to_5__struct+input__qt_then_rd__cat_TRAIN_RATIO0.45_QTFRAC_0.45,0.9862266495636756,0.0007463819480836,5,He,293,qt_then_rd,cat,RATIO0.45,0.45,0.01,5
./try09_all\He_293_0.01_to_5__struct+input__qt_then_rd__cat_TRAIN_RATIO0.4_QTFRAC_0.4,0.986835889400546,0.0006766311068453,5,He,293,qt_then_rd,cat,RATIO0.4,0.4,0.01,5
./try09_all\He_293_0.01_to_5__struct+input__qt_then_rd__cat_TRAIN_RATIO0.55_QTFRAC_0.55,0.9846443419845676,0.0003869802579561,5,He,293,qt_then_rd,cat,RATIO0.55,0.55,0.01,5
./try09_all\He_293_0.01_to_5__struct+input__qt_then_rd__cat_TRAIN_RATIO0.5_QTFRAC_0.5,0.9852247598162384,0.0001973089494183,5,He,293,qt_then_rd,cat,RATIO0.5,0.5,0.01,5
./try09_all\He_293_0.01_to_5__struct+input__qt_then_rd__cat_TRAIN_RATIO0.65_QTFRAC_0.65,0.9827305371055816,0.0004460620828938,5,He,293,qt_then_rd,cat,RATIO0.65,0.65,0.01,5
./try09_all\He_293_0.01_to_5__struct+input__qt_then_rd__cat_TRAIN_RATIO0.6_QTFRAC_0.6,0.98326853229775,0.0005954842190459,5,He,293,qt_then_rd,cat,RATIO0.6,0.6,0.01,5
./try09_all\He_293_0.01_to_5__struct+input__qt_then_rd__cat_TRAIN_RATIO0.75_QTFRAC_0.75,0.9795804189705158,0.0007589972206131,5,He,293,qt_then_rd,cat,RATIO0.75,0.75,0.01,5
./try09_all\He_293_0.01_to_5__struct+input__qt_then_rd__cat_TRAIN_RATIO0.7_QTFRAC_0.7,0.9813139848088444,0.0007326222318687,5,He,293,qt_then_rd,cat,RATIO0.7,0.7,0.01,5
./try09_all\He_293_0.01_to_5__struct+input__qt_then_rd__cat_TRAIN_RATIO0.8_QTFRAC_0.8,0.9789142022799056,0.0013569202248503,5,He,293,qt_then_rd,cat,RATIO0.8,0.8,0.01,5
./try09_all\He_293_0.01_to_5__struct+input__random_struct__cat_TRAIN_RATIO0.05_QTFRAC_0.05,0.8896598876514867,0.0229614041434128,5,He,293,random_struct,cat,RATIO0.05,0.05,0.01,5
./try09_all\He_293_0.01_to_5__struct+input__random_struct__cat_TRAIN_RATIO0.15_QTFRAC_0.15,0.918085467646502,0.0239763303511428,5,He,293,random_struct,cat,RATIO0.15,0.15,0.01,5
./try09_all\He_293_0.01_to_5__struct+input__random_struct__cat_TRAIN_RATIO0.1_QTFRAC_0.1,0.906317492326186,0.015625967240929,5,He,293,random_struct,cat,RATIO0.1,0.1,0.01,5
./try09_all\He_293_0.01_to_5__struct+input__random_struct__cat_TRAIN_RATIO0.25_QTFRAC_0.25,0.9219074135754532,0.0161979969293101,5,He,293,random_struct,cat,RATIO0.25,0.25,0.01,5
./try09_all\He_293_0.01_to_5__struct+input__random_struct__cat_TRAIN_RATIO0.2_QTFRAC_0.2,0.9187651113811576,0.0254698862852845,5,He,293,random_struct,cat,RATIO0.2,0.2,0.01,5
./try09_all\He_293_0.01_to_5__struct+input__random_struct__cat_TRAIN_RATIO0.35_QTFRAC_0.35,0.9237296773453652,0.0114222825940964,5,He,293,random_struct,cat,RATIO0.35,0.35,0.01,5
./try09_all\He_293_0.01_to_5__struct+input__random_struct__cat_TRAIN_RATIO0.3_QTFRAC_0.3,0.927253660086155,0.0111600355426087,5,He,293,random_struct,cat,RATIO0.3,0.3,0.01,5
./try09_all\He_293_0.01_to_5__struct+input__random_struct__cat_TRAIN_RATIO0.45_QTFRAC_0.45,0.92716563394468,0.0311378641479661,5,He,293,random_struct,cat,RATIO0.45,0.45,0.01,5
./try09_all\He_293_0.01_to_5__struct+input__random_struct__cat_TRAIN_RATIO0.4_QTFRAC_0.4,0.9312016553009036,0.0291043984716749,5,He,293,random_struct,cat,RATIO0.4,0.4,0.01,5
./try09_all\He_293_0.01_to_5__struct+input__random_struct__cat_TRAIN_RATIO0.55_QTFRAC_0.55,0.9341953535805744,0.0455467470440108,5,He,293,random_struct,cat,RATIO0.55,0.55,0.01,5
./try09_all\He_293_0.01_to_5__struct+input__random_struct__cat_TRAIN_RATIO0.5_QTFRAC_0.5,0.9226921604033328,0.0325873235339013,5,He,293,random_struct,cat,RATIO0.5,0.5,0.01,5
./try09_all\He_293_0.01_to_5__struct+input__random_struct__cat_TRAIN_RATIO0.65_QTFRAC_0.65,0.974292239432953,0.0366514231839256,5,He,293,random_struct,cat,RATIO0.65,0.65,0.01,5
./try09_all\He_293_0.01_to_5__struct+input__random_struct__cat_TRAIN_RATIO0.6_QTFRAC_0.6,0.9585426434869946,0.0435614371052544,5,He,293,random_struct,cat,RATIO0.6,0.6,0.01,5
./try09_all\He_293_0.01_to_5__struct+input__random_struct__cat_TRAIN_RATIO0.75_QTFRAC_0.75,0.9686485443847824,0.0457158391431448,5,He,293,random_struct,cat,RATIO0.75,0.75,0.01,5
./try09_all\He_293_0.01_to_5__struct+input__random_struct__cat_TRAIN_RATIO0.7_QTFRAC_0.7,0.9728511455643286,0.0398884687509062,5,He,293,random_struct,cat,RATIO0.7,0.7,0.01,5
./try09_all\He_293_0.01_to_5__struct+input__random_struct__cat_TRAIN_RATIO0.8_QTFRAC_0.8,0.9645283160225724,0.0531078011423007,5,He,293,random_struct,cat,RATIO0.8,0.8,0.01,5
./try09_all\He_293_0.01_to_5__struct__random_struct__cat_TRAIN_RATIO0.05_QTFRAC_0.05,0.8896598876514867,0.0229614041434128,5,He,293,random_struct,cat,RATIO0.05,0.05,0.01,5
./try09_all\He_293_0.01_to_5__struct__random_struct__cat_TRAIN_RATIO0.15_QTFRAC_0.15,0.918085467646502,0.0239763303511428,5,He,293,random_struct,cat,RATIO0.15,0.15,0.01,5
./try09_all\He_293_0.01_to_5__struct__random_struct__cat_TRAIN_RATIO0.1_QTFRAC_0.1,0.906317492326186,0.015625967240929,5,He,293,random_struct,cat,RATIO0.1,0.1,0.01,5
./try09_all\He_293_0.01_to_5__struct__random_struct__cat_TRAIN_RATIO0.25_QTFRAC_0.25,0.9219074135754532,0.0161979969293101,5,He,293,random_struct,cat,RATIO0.25,0.25,0.01,5
./try09_all\He_293_0.01_to_5__struct__random_struct__cat_TRAIN_RATIO0.2_QTFRAC_0.2,0.9187651113811576,0.0254698862852845,5,He,293,random_struct,cat,RATIO0.2,0.2,0.01,5
./try09_all\He_293_0.01_to_5__struct__random_struct__cat_TRAIN_RATIO0.35_QTFRAC_0.35,0.9237296773453652,0.0114222825940964,5,He,293,random_struct,cat,RATIO0.35,0.35,0.01,5
./try09_all\He_293_0.01_to_5__struct__random_struct__cat_TRAIN_RATIO0.3_QTFRAC_0.3,0.927253660086155,0.0111600355426087,5,He,293,random_struct,cat,RATIO0.3,0.3,0.01,5
./try09_all\He_293_0.01_to_5__struct__random_struct__cat_TRAIN_RATIO0.45_QTFRAC_0.45,0.92716563394468,0.0311378641479661,5,He,293,random_struct,cat,RATIO0.45,0.45,0.01,5
./try09_all\He_293_0.01_to_5__struct__random_struct__cat_TRAIN_RATIO0.4_QTFRAC_0.4,0.9312016553009036,0.0291043984716749,5,He,293,random_struct,cat,RATIO0.4,0.4,0.01,5
./try09_all\He_293_0.01_to_5__struct__random_struct__cat_TRAIN_RATIO0.55_QTFRAC_0.55,0.9341953535805744,0.0455467470440108,5,He,293,random_struct,cat,RATIO0.55,0.55,0.01,5
./try09_all\He_293_0.01_to_5__struct__random_struct__cat_TRAIN_RATIO0.5_QTFRAC_0.5,0.9226921604033328,0.0325873235339013,5,He,293,random_struct,cat,RATIO0.5,0.5,0.01,5
./try09_all\He_293_0.01_to_5__struct__random_struct__cat_TRAIN_RATIO0.65_QTFRAC_0.65,0.974292239432953,0.0366514231839256,5,He,293,random_struct,cat,RATIO0.65,0.65,0.01,5
./try09_all\He_293_0.01_to_5__struct__random_struct__cat_TRAIN_RATIO0.6_QTFRAC_0.6,0.9585426434869946,0.0435614371052544,5,He,293,random_struct,cat,RATIO0.6,0.6,0.01,5
./try09_all\He_293_0.01_to_5__struct__random_struct__cat_TRAIN_RATIO0.75_QTFRAC_0.75,0.9686485443847824,0.0457158391431448,5,He,293,random_struct,cat,RATIO0.75,0.75,0.01,5
./try09_all\He_293_0.01_to_5__struct__random_struct__cat_TRAIN_RATIO0.7_QTFRAC_0.7,0.9728511455643286,0.0398884687509062,5,He,293,random_struct,cat,RATIO0.7,0.7,0.01,5
./try09_all\He_293_0.01_to_5__struct__random_struct__cat_TRAIN_RATIO0.8_QTFRAC_0.8,0.9645283160225724,0.0531078011423007,5,He,293,random_struct,cat,RATIO0.8,0.8,0.01,5
